model_alias,size,length_label,l1_lines,l2_lines,rows,cells,models,lengths,base_l1_hit_pct,kw_l1_hit_pct,base_hier_miss_pct,kw_hier_miss_pct,hier_miss_reduction_pp,base_latency_cycles,kw_latency_cycles,latency_gain_pct,base_wall_cycles,kw_wall_cycles,wall_cycle_gain_pct,base_hbm_reads,kw_hbm_reads,hbm_read_saving_pct,negative_hier_miss_rows,negative_latency_rows,negative_hbm_rows
qwen2p5_7b_instruct,16/32,16k,16,32,27,1,qwen2p5_7b_instruct,16k,6.362111,15.170519,41.068667,35.083926,5.984741,4.047745,4.025038,0.560466,229620.592593,228810.962963,0.352389,34064,29100,14.572569,0,1,0
qwen2p5_7b_instruct,16/32,32k,16,32,27,1,qwen2p5_7b_instruct,32k,10.684333,20.046,34.782519,31.036519,3.746,4.010811,4.00295,0.195928,440014.0,439478.074074,0.121768,28850,25743,10.769497,1,1,1
qwen2p5_7b_instruct,16/32,4k,16,32,27,1,qwen2p5_7b_instruct,4k,12.004519,21.281815,33.493593,29.433037,4.060556,4.047593,3.994776,1.301784,70362.148148,69763.555556,0.849347,27781,24413,12.123394,0,0,0
qwen2p5_7b_instruct,16/32,8k,16,32,27,1,qwen2p5_7b_instruct,8k,7.23863,14.939,41.61963,35.374519,6.245111,4.092005,4.046261,1.115843,124287.074074,123397.962963,0.714529,34521,29341,15.005359,0,0,0
qwen2p5_7b_instruct,16/64,16k,16,64,27,1,qwen2p5_7b_instruct,16k,6.362111,15.282519,14.729185,12.257667,2.471519,3.934292,3.92478,0.241382,225575.37037,225236.222222,0.150199,12217,10167,16.779897,4,6,4
qwen2p5_7b_instruct,16/64,32k,16,64,27,1,qwen2p5_7b_instruct,32k,10.684333,18.741593,9.969296,9.16763,0.801667,3.954889,3.953422,0.037062,436201.703704,436101.703704,0.022913,8269,7604,8.042085,5,9,5
qwen2p5_7b_instruct,16/64,4k,16,64,27,1,qwen2p5_7b_instruct,4k,12.004519,20.048407,9.104889,7.998185,1.106704,3.716904,3.703255,0.365794,66614.518519,66459.814815,0.23163,7552,6634,12.15572,6,6,6
qwen2p5_7b_instruct,16/64,8k,16,64,27,1,qwen2p5_7b_instruct,8k,7.23863,13.949185,14.570111,12.10937,2.460741,3.878196,3.860593,0.453246,120131.333333,119789.185185,0.284551,12085,10044,16.888705,2,3,2
qwen2p5_7b_instruct,32/32,16k,32,32,27,1,qwen2p5_7b_instruct,16k,17.913333,55.743778,36.554704,20.181111,16.373593,4.028314,3.95973,1.701965,228927.740741,226482.37037,1.067953,30320,16739,44.792216,0,0,0
qwen2p5_7b_instruct,32/32,32k,32,32,27,1,qwen2p5_7b_instruct,32k,26.607074,61.475148,31.704481,17.409296,14.295185,4.003869,3.972051,0.794429,439540.703704,437371.666667,0.493388,26297,14440,45.088793,0,0,0
qwen2p5_7b_instruct,32/32,4k,32,32,27,1,qwen2p5_7b_instruct,4k,30.778593,63.251148,29.132852,16.28563,12.847222,3.988407,3.815862,4.322524,69691.296296,67736.0,2.80424,24164,13508,44.098659,0,0,0
qwen2p5_7b_instruct,32/32,8k,32,32,27,1,qwen2p5_7b_instruct,8k,19.6,57.362815,36.302704,20.164259,16.138444,4.049917,3.925019,3.082346,123469.0,121041.407407,1.965503,30111,16725,44.455515,0,0,0
qwen2p5_7b_instruct,32/64,16k,32,64,27,1,qwen2p5_7b_instruct,16k,17.913333,56.571889,13.392222,9.135074,4.257148,3.928521,3.911151,0.441955,225369.62963,224750.296296,0.274731,11108,7577,31.787901,0,0,0
qwen2p5_7b_instruct,32/64,32k,32,64,27,1,qwen2p5_7b_instruct,32k,26.607074,62.064778,9.491963,7.004778,2.487185,3.953807,3.948475,0.134839,436127.962963,435764.481481,0.083338,7873,5810,26.20348,0,0,0
qwen2p5_7b_instruct,32/64,4k,32,64,27,1,qwen2p5_7b_instruct,4k,30.778593,63.651296,8.397296,6.743074,1.654222,3.707283,3.686157,0.568545,66505.518519,66266.074074,0.359468,6965,5593,19.698492,1,1,1
qwen2p5_7b_instruct,32/64,8k,32,64,27,1,qwen2p5_7b_instruct,8k,19.6,57.094,13.241481,9.594519,3.646963,3.867684,3.840461,0.703447,119927.0,119397.888889,0.441042,10983,7958,27.542566,0,0,0
qwen2p5_7b_instruct,64/256,8k,64,256,27,1,qwen2p5_7b_instruct,8k,90.827481,90.827481,0.100111,0.100111,0.0,3.763714,3.763714,0.0,117906.185185,117906.185185,0.0,83,83,0.0,0,0,0
qwen2p5_7b_instruct,64/64,16k,64,64,27,1,qwen2p5_7b_instruct,16k,91.77637,91.745148,5.732815,4.454889,1.277926,3.89546,3.890391,0.130052,224190.851852,224010.111111,0.080591,4755,3695,22.292324,0,1,0
qwen2p5_7b_instruct,64/64,32k,64,64,27,1,qwen2p5_7b_instruct,32k,88.544074,88.892519,5.076889,4.018333,1.058556,3.943848,3.941653,0.055621,435449.074074,435299.444444,0.034349,4211,3333,20.850154,0,1,0
qwen2p5_7b_instruct,64/64,4k,64,64,27,1,qwen2p5_7b_instruct,4k,93.153148,93.670444,4.429481,3.403667,1.025815,3.653441,3.640499,0.353844,65895.37037,65748.703704,0.222422,3674,2823,23.162765,0,0,0
qwen2p5_7b_instruct,64/64,8k,64,64,27,1,qwen2p5_7b_instruct,8k,90.827481,91.419593,6.468259,5.078037,1.390222,3.814067,3.803986,0.263913,118884.851852,118688.925926,0.164659,5365,4212,21.491146,0,0,0
qwen2p5_7b_instruct,8/16,16k,8,16,27,1,qwen2p5_7b_instruct,16k,0.907889,3.111704,76.844593,66.663,10.181593,4.201849,4.163149,0.920665,235115.185185,233735.333333,0.586741,63738,55293,13.249553,0,0,0
qwen2p5_7b_instruct,8/16,32k,8,16,27,1,qwen2p5_7b_instruct,32k,3.327444,5.996815,63.715407,58.799852,4.915556,4.075992,4.065747,0.250931,444457.37037,443759.074074,0.156974,52848,48771,7.714578,4,4,4
qwen2p5_7b_instruct,8/16,4k,8,16,27,1,qwen2p5_7b_instruct,4k,3.131,6.016148,63.370481,57.368815,6.001667,4.452496,4.374402,1.743801,74950.481481,74065.592593,1.176182,52562,47584,9.47072,1,1,1
qwen2p5_7b_instruct,8/16,8k,8,16,27,1,qwen2p5_7b_instruct,8k,1.006852,3.356481,75.391815,66.198889,9.192926,4.35881,4.291023,1.553767,129472.925926,128155.333333,1.017025,62533,54908,12.193562,0,0,0
